Asset,Dust Threshold,Precision
AAVE,0.0000000000000001,18
BCH,0.00000546,8
BTC,0.00000294,8
ETH,0.000000000000000100,18
EUR,0.01,2
GBP,0.01,2
JPY,1,0
LINK,0.000000000000000100,18
LTC,0.00005460,8
PYTH,0.000001,6
RLUSD,0.010000,6
SOL,0.000000100,9
UNI,0.000000000000000100,18
USD,0.01,2
USDC,0.010000,6
XRP,0.000100,6